Date,Close,Volume
2009-03-02,52.067420959472656,426452600
2009-03-03,51.67654037475586,443761000
2009-03-04,52.90079879760742,462753100
2009-03-05,50.73992156982422,485549400
2009-03-06,50.828426361083984,490470000
2009-03-09,50.23103713989258,379905300
2009-03-10,53.22529220581055,406227900
2009-03-11,53.57191467285156,356648300
2009-03-12,55.681148529052734,409702700
2009-03-13,56.116275787353516,337474700
2009-03-16,55.94664764404297,360644900
2009-03-17,57.65767288208008,356814300
2009-03-18,58.94827651977539,473273200
2009-03-19,58.21815872192383,428520400
2009-03-20,56.97845458984375,371078200
2009-03-23,61.0711669921875,419933300
2009-03-24,59.86787033081055,330271000
2009-03-25,60.49921798706055,441775100
2009-03-26,61.732215881347656,422025200
2009-03-27,60.61808395385742,322332300
2009-03-30,58.5234375,324108500
2009-03-31,59.065650939941406,364238300
2009-04-01,60.20954895019531,377018300
2009-04-02,61.969940185546875,476230700
2009-04-03,62.5864372253418,284646300
2009-04-06,62.09619140625,264866600
2009-04-07,60.647762298583984,258947800
2009-04-08,61.301414489746094,230402800
2009-04-09,63.73774337768555,269653500
2009-04-13,63.75259780883789,224847500
2009-04-14,62.653282165527344,276598800
2009-04-15,63.32175827026367,250726100
2009-04-16,64.250244140625,335202900
2009-04-17,64.68109130859375,262649000
2009-04-20,61.969940185546875,293690100
2009-04-21,63.18065643310547,114090900
2009-04-22,62.79439926147461,340395200
2009-04-23,63.410945892333984,324903700
2009-04-24,64.36911010742188,287703000
2009-04-27,63.76003646850586,289581600
2009-04-28,63.55947494506836,247926300
2009-04-29,64.91134643554688,311505700
2009-04-30,64.93362426757812,301419800
2009-05-01,65.28268432617188,236110300
2009-05-04,67.503662109375,287120000
2009-05-05,67.27334594726562,243036300
2009-05-06,68.43952178955078,291941000
2009-05-07,67.48876953125,317728000
2009-05-08,69.06342315673828,299081700
2009-05-11,67.77098846435547,247923600
2009-05-12,67.57047271728516,282431300
2009-05-13,65.86952209472656,269619100
2009-05-14,66.43399810791016,260098700
2009-05-15,65.89179992675781,271502700
2009-05-18,67.76358795166016,241447400
2009-05-19,67.68190002441406,206102200
2009-05-20,67.2287826538086,285722200
2009-05-21,66.26319885253906,258988400
2009-05-22,66.12205505371094,166811900
2009-05-26,67.81560516357422,236318500
2009-05-27,66.60484313964844,246015800
2009-05-28,67.53333282470703,289095000
2009-05-29,68.72920227050781,258641500
2009-06-01,70.39302062988281,276246800
2009-06-02,70.45246124267578,230874500
2009-06-03,69.56114196777344,235310500
2009-06-04,70.21476745605469,210102300
2009-06-05,70.22962951660156,284257900
2009-06-08,69.93992614746094,238565100
2009-06-09,70.29649353027344,225125500
2009-06-10,70.11822509765625,296100400
2009-06-11,70.4301528930664,275414200
2009-06-12,70.62326049804688,184361800
2009-06-15,69.0040512084961,224190500
2009-06-16,68.06814575195312,227319000
2009-06-17,68.00127410888672,223445200
2009-06-18,68.49893188476562,211725100
2009-06-19,68.75141906738281,215655600
2009-06-22,66.68976593017578,251913600
2009-06-23,66.74203491210938,188309800
2009-06-24,67.31723022460938,211577700
2009-06-25,68.78131103515625,279411000
2009-06-26,68.60203552246094,167579000
2009-06-29,69.24441528320312,168481300
2009-06-30,68.6841812133789,228888200
2009-07-01,68.96804809570312,173041100
2009-07-02,67.08568572998047,212309900
2009-07-06,67.0782241821289,174499600
2009-07-07,65.77848815917969,197088900
2009-07-08,65.73365020751953,248050500
2009-07-09,65.86064147949219,163777600
2009-07-10,65.7037582397461,173520300
2009-07-13,67.30229949951172,217413500
2009-07-14,67.6832504272461,181487400
2009-07-15,69.66272735595703,220877900
2009-07-16,69.55066680908203,231174500
2009-07-17,70.31256866455078,138561700
2009-07-20,71.05956268310547,164179400
2009-07-21,71.38827514648438,217718300
2009-07-22,71.3733139038086,196068100
2009-07-23,72.94939422607422,258795500
2009-07-24,73.2481918334961,154003100
2009-07-27,73.46479034423828,159259400
2009-07-28,73.1212158203125,186685200
2009-07-29,72.94193267822266,194399300
2009-07-30,73.70384216308594,225575400
2009-07-31,73.80841064453125,207358000
2009-08-03,75.0260238647461,175776900
2009-08-04,75.22021484375,176714600
2009-08-05,75.00359344482422,184726400
2009-08-06,74.6152114868164,193203800
2009-08-07,75.59368133544922,220640900
2009-08-10,75.43682861328125,130898700
2009-08-11,74.49564361572266,157301000
2009-08-12,75.29492950439453,219052400
2009-08-13,75.87007904052734,176449500
2009-08-14,75.28743743896484,199616100
2009-08-17,73.43495178222656,237667500
2009-08-18,74.01758575439453,173461500
2009-08-19,74.6674575805664,192812800
2009-08-20,75.43682861328125,174131300
2009-08-21,76.91585540771484,224605000
2009-08-24,76.90839385986328,191279000
2009-08-25,77.05775451660156,215310600
2009-08-26,77.06524658203125,194620700
2009-08-27,77.23701477050781,196230100
2009-08-28,77.22210693359375,147024400
2009-08-31,76.53486633300781,176051600
2009-09-01,74.84671020507812,321276800
2009-09-02,74.5628890991211,171805000
2009-09-03,75.18286895751953,143572300
2009-09-04,76.23607635498047,142687900
2009-09-08,76.89341735839844,132909100
2009-09-09,77.48355865478516,154612500
2009-09-10,78.27529907226562,162902400
2009-09-11,78.26039123535156,152360100
2009-09-14,78.64134216308594,149593800
2009-09-15,78.97000885009766,196795900
2009-09-16,80.1651840209961,206406300
2009-09-17,80.045654296875,229170900
2009-09-18,80.09669494628906,153799100
2009-09-21,79.89405059814453,151892000
2009-09-22,80.3593978881836,143126700
2009-09-23,79.69140625,225947400
2009-09-24,78.81329345703125,228636800
2009-09-25,78.39299774169922,204059000
2009-09-28,79.79649353027344,118285800
2009-09-29,79.55630493164062,133733900
2009-09-30,79.24859619140625,254383000
2009-10-01,77.2822265625,281840600
2009-10-02,76.92194366455078,224748800
2009-10-05,78.07026672363281,149875000
2009-10-06,79.18852996826172,202491100
2009-10-07,79.40621948242188,159200300
2009-10-08,80.01412963867188,183305800
2009-10-09,80.5019760131836,135008300
2009-10-12,80.81721496582031,118031000
2009-10-13,80.65210723876953,157692700
2009-10-14,82.04057312011719,191421600
2009-10-15,82.34078979492188,173873600
2009-10-16,81.725341796875,192069400
2009-10-19,82.40083312988281,159530400
2009-10-20,81.96551513671875,180921100
2009-10-21,81.22998046875,225379300
2009-10-22,82.05558776855469,238444000
2009-10-23,81.11743927001953,240033200
2009-10-26,80.23931884765625,242028200
2009-10-27,79.87150573730469,253266300
2009-10-28,78.36296844482422,248821400
2009-10-29,80.04417419433594,198110600
2009-10-30,77.72503662109375,325608100
2009-11-02,78.29540252685547,254222900
2009-11-03,78.54310607910156,228362600
2009-11-04,78.74574279785156,247996700
2009-11-05,80.19429779052734,180015300
2009-11-06,80.4044189453125,170954100
2009-11-09,82.23568725585938,159495700
2009-11-10,82.25071716308594,171899800
2009-11-11,82.6710205078125,169466200
2009-11-12,81.83041381835938,157144500
2009-11-13,82.27326202392578,150963000
2009-11-16,83.46656799316406,210922200
2009-11-17,83.56416320800781,147134100
2009-11-18,83.51163482666016,156486800
2009-11-19,82.4233169555664,208734600
2009-11-20,82.13064575195312,134196000
2009-11-23,83.17388153076172,148010200
2009-11-24,83.30144500732422,138420100
2009-11-25,83.59414672851562,109564800
2009-11-27,82.23568725585938,126001800
2009-11-30,82.5134048461914,160874800
2009-12-01,83.53410339355469,159613700
2009-12-02,83.4966049194336,132315100
2009-12-03,82.84362030029297,167324900
2009-12-04,83.31648254394531,274907800
2009-12-07,83.18887329101562,127973800
2009-12-08,82.26571655273438,169863700
2009-12-09,82.5734634399414,155063400
2009-12-10,83.03878784179688,138014600
2009-12-11,83.39151000976562,124854000
2009-12-14,83.96190643310547,107141500
2009-12-15,83.57164764404297,120408800
2009-12-16,83.69924926757812,155358200
2009-12-17,82.69353485107422,183390100
2009-12-18,83.16134643554688,174591200
2009-12-21,84.00647735595703,118039600
2009-12-22,84.3083267211914,91707500
2009-12-23,84.47432708740234,111783100
2009-12-24,84.87422943115234,39677500
2009-12-28,85.05535125732422,87508500
2009-12-29,84.93462371826172,80572500
2009-12-30,84.9044418334961,73138400
2009-12-31,84.0894775390625,90637900
2010-01-04,85.51563262939453,118944600
2010-01-05,85.74202728271484,111579900
2010-01-06,85.80237579345703,116074400
2010-01-07,86.1645736694336,131091100
2010-01-08,86.45130157470703,126402800
2010-01-11,86.57200622558594,106375700
2010-01-12,85.76464080810547,163333500
2010-01-13,86.4890365600586,161822000
2010-01-14,86.72294616699219,115718800
2010-01-15,85.74954986572266,212283100
2010-01-19,86.82103729248047,139172700
2010-01-20,85.9382095336914,216490200
2010-01-21,84.28569030761719,344859600
2010-01-22,82.40677642822266,345942400
2010-01-25,82.8293685913086,186937500
2010-01-26,82.48223876953125,211168800
2010-01-27,82.8746109008789,271863600
2010-01-28,81.92386627197266,316104000
2010-01-29,81.03350067138672,310677600
2010-02-01,82.2936019897461,187865000
2010-02-02,83.28962707519531,216327900
2010-02-03,82.8746109008789,172730700
2010-02-04,80.31663513183594,356715700
2010-02-05,80.48267364501953,493585800
2010-02-08,79.90160369873047,224166900
2010-02-09,80.90522003173828,337820500
2010-02-10,80.74675750732422,240511500
2010-02-11,81.59185791015625,223591600
2010-02-12,81.52393341064453,304622100
2010-02-16,82.8067398071289,159317500
2010-02-17,83.19910430908203,168845100
2010-02-18,83.6895523071289,193708600
2010-02-19,83.8631362915039,222684900
2010-02-22,83.87821197509766,132346900
2010-02-23,82.85955047607422,207497000
2010-02-24,83.62165832519531,176350700
2010-02-25,83.50850677490234,259634700
2010-02-26,83.56126403808594,173589300
2010-03-01,84.42906188964844,147709700
2010-03-02,84.66295623779297,160992400
2010-03-03,84.73841857910156,150785000
2010-03-04,84.99500274658203,135770400
2010-03-05,86.20983123779297,176118800
2010-03-08,86.2249526977539,114631200
2010-03-09,86.36832427978516,154556700
2010-03-10,86.75312805175781,186088800
2010-03-11,87.11531066894531,160791100
2010-03-12,87.12285614013672,162074800
2010-03-15,87.14551544189453,146816800
2010-03-16,87.8396987915039,168673000
2010-03-17,88.3603515625,177468100
2010-03-18,88.31510925292969,196509100
2010-03-19,87.86805725097656,226641100
2010-03-22,88.33779907226562,184477800
2010-03-23,88.9591293334961,182941600
2010-03-24,88.52722930908203,196072600
2010-03-25,88.3832778930664,223396300
2010-03-26,88.33023071289062,205808500
2010-03-29,88.89089965820312,134513500
2010-03-30,88.95152282714844,145772500
2010-03-31,88.64847564697266,161078700
2010-04-01,89.254638671875,161215200
2010-04-05,89.98199462890625,105847600
2010-04-06,90.19416046142578,110384200
2010-04-07,89.67888641357422,184576300
2010-04-08,89.98955535888672,158704000
2010-04-09,90.58052825927734,133006500
2010-04-12,90.7245101928711,110279000
2010-04-13,90.79270935058594,125043600
2010-04-14,91.82315826416016,161609000
2010-04-15,91.89891815185547,144615300
2010-04-16,90.43658447265625,366786700
2010-04-19,90.77752685546875,217947800
2010-04-20,91.5882568359375,157708000
2010-04-21,91.42157745361328,192910100
2010-04-22,91.69434356689453,115360300
2010-04-23,92.29291534423828,177335500
2010-04-26,91.94436645507812,143457300
2010-04-27,89.76982879638672,355853300
2010-04-28,90.45174407958984,300674100
2010-04-29,91.5731430053711,193775000
2010-04-30,90.01985168457031,270000900
2010-05-03,91.18671417236328,182747900
2010-05-04,89.0424575805664,360353400
2010-05-05,88.5120849609375,328973200
2010-05-06,85.57229614257812,647356600
2010-05-07,84.29940032958984,637558800
2010-05-10,88.01203918457031,396159600
2010-05-11,87.76201629638672,317849800
2010-05-12,88.9894027709961,235607100
2010-05-13,87.88322448730469,234452500
2010-05-14,86.29209899902344,345601400
2010-05-17,86.33757019042969,325739800
2010-05-18,85.16313934326172,360556800
2010-05-19,84.6782455444336,394742700
2010-05-20,81.4808120727539,530418300
2010-05-21,82.6703872680664,500909400
2010-05-24,81.6096420288086,269823000
2010-05-25,81.69298553466797,396505200
2010-05-26,81.20050048828125,349719300
2010-05-27,83.92057037353516,300870500
2010-05-28,82.86738586425781,297933500
2010-06-01,81.47325897216797,277909400
2010-06-02,83.59475708007812,240243700
2010-06-03,83.8826675415039,226618300
2010-06-04,80.93531036376953,398475600
2010-06-07,79.92755126953125,264609100
2010-06-08,80.78378295898438,357774300
2010-06-09,80.35192108154297,268023300
2010-06-10,82.70069885253906,317890600
2010-06-11,83.10228729248047,214128200
2010-06-14,82.97346496582031,207196100
2010-06-15,84.8600845336914,238268700
2010-06-16,84.82978057861328,216374000
2010-06-17,84.9661636352539,263185800
2010-06-18,85.05828857421875,174006600
2010-06-21,84.81465148925781,213140700
2010-06-22,83.41389465332031,239355400
2010-06-23,83.15503692626953,254639900
2010-06-24,81.77713012695312,268523600
2010-06-25,82.11973571777344,238726500
2010-06-28,81.8608627319336,169218600
2010-06-29,79.33343505859375,373649500
2010-06-30,78.57975006103516,284101700
2010-07-01,78.22957611083984,382924800
2010-07-02,77.8032455444336,233385200
2010-07-06,78.31326293945312,256935300
2010-07-07,80.7798843383789,253769400
2010-07-08,81.57921600341797,210842100
2010-07-09,82.18824005126953,144999900
2010-07-12,82.24152374267578,131283600
2010-07-13,83.4823989868164,213025900
2010-07-14,83.47483825683594,184426800
2010-07-15,83.49764251708984,232337900
2010-07-16,81.19857788085938,282693400
2010-07-19,81.67816162109375,186709000
2010-07-20,82.58407592773438,258162400
2010-07-21,81.51069641113281,264527000
2010-07-22,83.33013153076172,274781300
2010-07-23,84.05339813232422,222020800
2010-07-26,84.9288330078125,184445700
2010-07-27,84.92124938964844,204855600
2010-07-28,84.37311553955078,163056200
2010-07-29,83.96199035644531,220149100
2010-07-30,83.94679260253906,220070600
2010-08-02,85.84241485595703,188263200
2010-08-03,85.43132781982422,146657300
2010-08-04,86.00228118896484,158171700
2010-08-05,85.9109115600586,140473800
2010-08-06,85.56070709228516,239728300
2010-08-09,86.01746368408203,120800400
2010-08-10,85.55311584472656,242916300
2010-08-11,83.20833587646484,273406900
2010-08-12,82.69832611083984,239542600
2010-08-13,82.45465850830078,158698500
2010-08-16,82.41661071777344,147895300
2010-08-17,83.42912292480469,172270300
2010-08-18,83.58137512207031,182922100
2010-08-19,82.12734985351562,265847600
2010-08-20,81.8608627319336,209714200
2010-08-23,81.54874420166016,163490300
2010-08-24,80.33828735351562,280677800
2010-08-25,80.65044403076172,272234800
2010-08-26,80.10993194580078,224439500
2010-08-27,81.35082244873047,272649000
2010-08-30,80.1707992553711,167238600
2010-08-31,80.1707992553711,273933100
2010-09-01,82.5688705444336,256828100
2010-09-02,83.33778381347656,156112200
2010-09-03,84.41879272460938,212197300
2010-09-07,83.46720123291016,141973700
2010-09-08,84.05339813232422,149924400
2010-09-09,84.4416275024414,147017900
2010-09-10,84.86796569824219,127819000
2010-09-13,85.81193542480469,178503500
2010-09-14,85.75865173339844,209823600
2010-09-15,86.08600616455078,168608400
2010-09-16,86.06314849853516,199962900
2010-09-17,86.09532928466797,195836900
2010-09-20,87.41172790527344,214555200
2010-09-21,87.23571014404297,268389100
2010-09-22,86.80707550048828,191322400
2010-09-23,86.10295104980469,202354300
2010-09-24,87.87857055664062,209671800
2010-09-27,87.45765686035156,128761800
2010-09-28,87.76378631591797,209207500
2010-09-29,87.61072540283203,179665800
2010-09-30,87.35049438476562,287106700
2010-10-01,87.7178726196289,174638700
2010-10-04,87.05966186523438,166153200
2010-10-05,88.81232452392578,229634100
2010-10-06,88.8046875,148626600
2010-10-07,88.69756317138672,164860000
2010-10-08,89.19502258300781,177760100
2010-10-11,89.27920532226562,103098300
2010-10-12,89.55476379394531,182210000
2010-10-13,90.25125885009766,194347200
2010-10-14,89.89912414550781,217764300
2010-10-15,90.08283996582031,243705000
2010-10-18,90.52672576904297,141204800
2010-10-19,89.34044647216797,280604700
2010-10-20,90.21296691894531,200051800
2010-10-21,90.41194152832031,221585500
2010-10-22,90.580322265625,108212400
2010-10-25,90.84821319580078,151145700
2010-10-26,90.86348724365234,158982900
2010-10-27,90.60327911376953,190024000
2010-10-28,90.61857604980469,168576000
2010-10-29,90.68745422363281,144305500
2010-11-01,90.71806335449219,174074800
2010-11-02,91.43753814697266,158345900
2010-11-03,91.80491638183594,226702800
2010-11-04,93.5728759765625,215039400
2010-11-05,93.92494201660156,180654100
2010-11-08,93.74893951416016,156107100
2010-11-09,93.07536315917969,186621600
2010-11-10,93.45044708251953,221387400
2010-11-11,93.0983657836914,158017600
2010-11-12,91.9962387084961,239068800
2010-11-15,91.86612701416016,163940800
2010-11-16,90.43490600585938,299566200
2010-11-17,90.48086547851562,172308900
2010-11-18,91.81254577636719,197723700
2010-11-19,92.06511688232422,156852900
2010-11-22,91.98858642578125,181361000
2010-11-23,90.6568603515625,222309000
2010-11-24,91.9962387084961,140046100
2010-11-26,90.92472839355469,76007800
2010-11-29,91.20027923583984,223642300
2010-11-30,90.68745422363281,233930700
2010-12-01,92.61618041992188,221037200
2010-12-02,93.80248260498047,191213600
2010-12-03,94.05504608154297,151288900
2010-12-06,93.9555892944336,103050500
2010-12-07,94.00912475585938,206581000
2010-12-08,94.35354614257812,138019200
2010-12-09,94.72097778320312,123705100
2010-12-10,95.27195739746094,117571700
2010-12-13,95.33319854736328,133812700
2010-12-14,95.41737365722656,147249600
2010-12-15,94.98112487792969,160823100
2010-12-16,95.53221130371094,185035200
2010-12-17,95.63453674316406,141075300
2010-12-20,95.86531829833984,119085500
2010-12-21,96.47314453125,94965500
2010-12-22,96.77320098876953,78878100
2010-12-23,96.63471984863281,70053700
2010-12-27,96.6731948852539,58126000
2010-12-28,96.8116683959961,55309100
2010-12-29,96.88093566894531,58033100
2010-12-30,96.7270278930664,76616900
2010-12-31,96.75015258789062,91218900
2011-01-03,97.75033569335938,138725200
2011-01-04,97.69650268554688,137409700
2011-01-05,98.20426940917969,133975300
2011-01-06,98.01192474365234,122519000
2011-01-07,97.81954956054688,156034600
2011-01-10,97.69650268554688,122401700
2011-01-11,98.04268646240234,110287000
2011-01-12,98.9275131225586,107929200
2011-01-13,98.76592254638672,129048400
2011-01-14,99.48143768310547,117677900
2011-01-18,99.65070343017578,114401300
2011-01-19,98.67362976074219,151958400
2011-01-20,98.54277801513672,175745700
2011-01-21,98.76592254638672,151462900
2011-01-24,99.32757568359375,113715500
2011-01-25,99.38140106201172,167552200
2011-01-26,99.76612854003906,141281500
2011-01-27,100.0123519897461,123302700
2011-01-28,98.26581573486328,295637300
2011-01-31,99.00444030761719,149249200
2011-02-01,100.58935546875,167194300
2011-02-02,100.39702606201172,118323600
2011-02-03,100.6201400756836,145886700
2011-02-04,100.90477752685547,134634800
2011-02-07,101.53571319580078,112439100
2011-02-08,101.99736022949219,99072800
2011-02-09,101.76652526855469,146436700
2011-02-10,101.80498504638672,162708500
2011-02-11,102.41279602050781,137710300
2011-02-14,102.65899658203125,101690700
2011-02-15,102.33586120605469,119575400
2011-02-16,102.9821548461914,130183500
2011-02-17,103.28987884521484,109810500
2011-02-18,103.50534057617188,130002400
2011-02-22,101.42800903320312,233116400
2011-02-23,100.8048095703125,227584000
2011-02-24,100.73554229736328,260431400
2011-02-25,101.81269836425781,141686900
2011-02-28,102.44358825683594,141585500
2011-03-01,100.73554229736328,258565500
2011-03-02,100.95097351074219,200277400
2011-03-03,102.68975830078125,176480100
2011-03-04,101.9203872680664,277202300
2011-03-07,101.1202392578125,216790400
2011-03-08,102.00505065917969,174615000
2011-03-09,101.85887145996094,153806000
2011-03-10,99.97384643554688,301291800
2011-03-11,100.66631317138672,225621800
2011-03-14,100.05847930908203,234974100
2011-03-15,98.91209411621094,359585400
2011-03-16,97.08097839355469,468670300
2011-03-17,98.36585998535156,254303700
2011-03-18,98.72361755371094,230435400
2011-03-21,100.25362396240234,153992600
2011-03-22,99.9058609008789,129538600
2011-03-23,100.1917724609375,148603100
2011-03-24,101.14998626708984,159129800
2011-03-25,101.45904541015625,155642800
2011-03-28,101.2117919921875,109762400
2011-03-29,101.89176940917969,129798800
2011-03-30,102.594970703125,135835000
2011-03-31,102.45588684082031,132537100
2011-04-01,102.88860321044922,153850100
2011-04-04,102.9736328125,100768900
2011-04-05,102.95817565917969,120791500
2011-04-06,103.2826919555664,120411600
2011-04-07,103.01998901367188,170731500
2011-04-08,102.66454315185547,147945400
2011-04-11,102.35543823242188,121385400
2011-04-12,101.59046173095703,161187400
2011-04-13,101.58273315429688,162059000
2011-04-14,101.65997314453125,161220400
2011-04-15,102.0308837890625,170006700
2011-04-18,100.88726806640625,210759300
2011-04-19,101.46680450439453,124258800
2011-04-20,102.85001373291016,156133800
2011-04-21,103.37542724609375,135935400
2011-04-25,103.26726531982422,65757100
2011-04-26,104.15586853027344,146600000
2011-04-27,104.83588409423828,143031000
2011-04-28,105.1758804321289,124791100
2011-04-29,105.42317199707031,115094100
2011-05-02,105.2608642578125,126278700
2011-05-03,104.88225555419922,138375000
2011-05-04,104.18680572509766,182678500
2011-05-05,103.24407196044922,226900000
2011-05-06,103.699951171875,222787200
2011-05-09,104.10179138183594,114104500
2011-05-10,104.99040985107422,114806900
2011-05-11,103.88542175292969,193564200
2011-05-12,104.37997436523438,171550700
2011-05-13,103.57633209228516,157444900
2011-05-16,102.91950225830078,141675400
2011-05-17,102.90408325195312,192686200
2011-05-18,103.8236312866211,135217900
2011-05-19,104.07085418701172,119489500
2011-05-20,103.24407196044922,182594900
2011-05-23,102.04630279541016,168700000
2011-05-24,101.96134185791016,147199600
2011-05-25,102.3013687133789,151050100
2011-05-26,102.772705078125,164850000
2011-05-27,103.16680145263672,120921900
2011-05-31,104.24089050292969,164731200
2011-06-01,101.8995361328125,233094300
2011-06-02,101.79134368896484,200466800
2011-06-03,100.77906799316406,234690200
2011-06-06,99.71271514892578,179951200
2011-06-07,99.65088653564453,161660500
2011-06-08,99.23362731933594,198696400
2011-06-09,99.9908676147461,160964400
2011-06-10,98.60000610351562,238629400
2011-06-13,98.67726135253906,207599800
2011-06-14,99.92909240722656,160570400
2011-06-15,98.15177917480469,300958000
2011-06-16,98.3681869506836,308032800
2011-06-17,98.66169738769531,233284900
2011-06-20,99.16645812988281,159479000
2011-06-21,100.52542877197266,193157300
2011-06-22,99.91972351074219,176703000
2011-06-23,99.6324234008789,334286500
2011-06-24,98.47531127929688,226129300
2011-06-27,99.35284423828125,168904700
2011-06-28,100.6496810913086,165556300
2011-06-29,101.51167297363281,244295500
2011-06-30,102.48237609863281,223322700
2011-07-01,103.99665069580078,202385700
2011-07-05,103.91123962402344,165936000
2011-07-06,104.03547668457031,143331600
2011-07-07,105.11489868164062,170464200
2011-07-08,104.36941528320312,194100500
2011-07-11,102.48237609863281,195918600
2011-07-12,102.03972625732422,214675700
2011-07-13,102.38140106201172,204062600
2011-07-14,101.67475891113281,226111800
2011-07-15,102.26490783691406,220012800
2011-07-18,101.42626190185547,196872100
2011-07-19,103.07251739501953,166554900
2011-07-20,103.01042938232422,137145400
2011-07-21,104.43929290771484,245246300
2011-07-22,104.50918579101562,126019400
2011-07-25,103.92674255371094,136653800
2011-07-26,103.53850555419922,131278200
2011-07-27,101.41845703125,249020100
2011-07-28,101.12336730957031,207939900
2011-07-29,100.43224334716797,307038400
2011-08-01,100.0051498413086,325790900
2011-08-02,97.45026397705078,346653800
2011-08-03,97.97830963134766,370830800
2011-08-04,93.38887786865234,520721800
2011-08-05,93.24906921386719,655619200
2011-08-08,87.17640686035156,702263900
2011-08-09,91.23007202148438,717828700
2011-08-10,87.19969177246094,662607400
2011-08-11,91.1135482788086,487979700
2011-08-12,91.72704315185547,313731600
2011-08-15,93.66844177246094,258810600
2011-08-16,92.86859893798828,294095200
2011-08-17,92.93070220947266,238201100
2011-08-18,88.9236831665039,512956300
2011-08-19,87.47151947021484,428281300
2011-08-22,87.54139709472656,275090600
2011-08-23,90.42242431640625,331136600
2011-08-24,91.69598388671875,246869700
2011-08-25,90.29814910888672,312365400
2011-08-26,91.6105728149414,314495900
2011-08-29,94.24310302734375,190977200
2011-08-30,94.4915771484375,241315700
2011-08-31,94.91092681884766,301828400
2011-09-01,93.91693115234375,254585900
2011-09-02,91.51738739013672,255517200
2011-09-06,90.84952545166016,285130500
2011-09-07,93.41217803955078,209803200
2011-09-08,92.44146728515625,250568200
2011-09-09,90.01860809326172,380195100
2011-09-12,90.60102844238281,305793500
2011-09-13,91.43193817138672,272514700
2011-09-14,92.69774627685547,319389500
2011-09-15,94.29747009277344,326777200
2011-09-16,94.85554504394531,284528300
2011-09-19,93.91104888916016,241517000
2011-09-20,93.8017807006836,218932200
2011-09-21,91.03854370117188,316251300
2011-09-22,88.09575653076172,513911300
2011-09-23,88.62652587890625,307242500
2011-09-26,90.73411560058594,260673700
2011-09-27,91.74888610839844,311753900
2011-09-28,89.87548065185547,286696800
2011-09-29,90.58580780029297,298108900
2011-09-30,88.32213592529297,288392300
2011-10-03,85.80867004394531,365136800
2011-10-04,87.68988037109375,459177500
2011-10-05,89.31343841552734,284108000
2011-10-06,90.92925262451172,257800800
2011-10-07,90.32040405273438,312657900
2011-10-10,93.34123229980469,230666300
2011-10-11,93.43489837646484,209088000
2011-10-12,94.25450134277344,281544900
2011-10-13,94.06715393066406,212538800
2011-10-14,95.67515563964844,211397600
2011-10-17,93.84864044189453,202311600
2011-10-18,95.6829605102539,318857900
2011-10-19,94.55115509033203,226601300
2011-10-20,94.96482849121094,262075600
2011-10-21,96.76798248291016,278999400
2011-10-24,97.9544448852539,203215600
2011-10-25,96.04984283447266,268596800
2011-10-26,97.02558898925781,289053800
2011-10-27,100.40546417236328,393220200
2011-10-28,100.38201904296875,225906500
2011-10-31,97.96223449707031,228146700
2011-11-01,95.23026275634766,416565800
2011-11-02,96.78355407714844,244717600
2011-11-03,98.54768371582031,291174800
2011-11-04,97.94666290283203,249401600
2011-11-07,98.55549621582031,196617200
2011-11-08,99.81998443603516,224426300
2011-11-09,96.13569641113281,337982000
2011-11-10,97.04114532470703,231866500
2011-11-11,98.86770629882812,189924400
2011-11-14,97.93101501464844,159258300
2011-11-15,98.41500091552734,184709400
2011-11-16,96.85383605957031,235782500
2011-11-17,95.31609344482422,331219600
2011-11-18,95.2146224975586,215580400
2011-11-21,93.4036636352539,229611600
2011-11-22,93.03681182861328,216494900
2011-11-23,90.98388671875,224329100
2011-11-25,90.81217193603516,99557000
2011-11-28,93.44271850585938,210686000
2011-11-29,93.70809936523438,199241500
2011-11-30,97.56415557861328,324439500
2011-12-01,97.54853820800781,176954800
2011-12-02,97.46269989013672,221109700
2011-12-05,98.52424621582031,225263900
2011-12-06,98.55549621582031,178842100
2011-12-07,98.92235565185547,237802500
2011-12-08,96.75236511230469,240862800
2011-12-09,98.39154815673828,209111400
2011-12-12,96.95529174804688,215826100
2011-12-13,96.04984283447266,245159800
2011-12-14,95.02730560302734,238618800
2011-12-15,95.37074279785156,199109200
2011-12-16,95.51213836669922,220481400
2011-12-19,94.4909439086914,183903000
2011-12-20,97.35027313232422,225418100
2011-12-21,97.5387954711914,194230900
2011-12-22,98.40286254882812,119465400
2011-12-23,99.28265380859375,92187200
2011-12-27,99.3612060546875,86075700
2011-12-28,98.05721282958984,119107100
2011-12-29,99.0705795288086,123507200
2011-12-30,98.58354187011719,95599000
2012-01-03,100.15459442138672,193697900
2012-01-04,100.31169891357422,127186500
2012-01-05,100.57878875732422,173895000
2012-01-06,100.31954956054688,148050000
2012-01-09,100.56307220458984,99530200
2012-01-10,101.43501281738281,115282000
2012-01-11,101.48997497558594,111540700
2012-01-12,101.7334976196289,118983700
2012-01-13,101.20719146728516,179836200
2012-01-17,101.59996795654297,132209200
2012-01-18,102.72327423095703,163395200
2012-01-19,103.26529693603516,126328900
2012-01-20,103.6501693725586,138230200
2012-01-23,103.38311767578125,129295800
2012-01-24,103.26529693603516,103083300
2012-01-25,104.12935638427734,198613200
2012-01-26,103.59520721435547,184880500
2012-01-27,103.5480728149414,135259100
2012-01-30,103.194580078125,147311800
2012-01-31,103.15532684326172,157212000
2012-02-01,104.05863189697266,166234500
2012-02-02,104.22359466552734,113090400
2012-02-03,105.68467712402344,160598500
2012-02-06,105.61398315429688,107694500
2012-02-07,105.88108825683594,135528100
2012-02-08,106.19528198242188,139361400
2012-02-09,106.32881927490234,148602900
2012-02-10,105.5433349609375,167907500
2012-02-13,106.32881927490234,115841900
2012-02-14,106.19528198242188,165329500
2012-02-15,105.70042419433594,195195100
2012-02-16,106.87083435058594,186567800
2012-02-17,107.15362548828125,129869400
2012-02-21,107.20076751708984,134042300
2012-02-22,106.85514831542969,124455300
2012-02-23,107.3264389038086,137704300
2012-02-24,107.56208801269531,105539100
2012-02-27,107.7427749633789,145728900
2012-02-28,108.05697631835938,129355900
2012-02-29,107.63277435302734,185934700
2012-03-01,108.19054412841797,145023500
2012-03-02,107.86060333251953,120638300
2012-03-05,107.42072296142578,140765000
2012-03-06,105.84968566894531,202129900
2012-03-07,106.58808135986328,143692200
2012-03-08,107.64852142333984,116968900
2012-03-09,108.06486511230469,122836800
2012-03-12,108.07266998291016,104003500
2012-03-13,110.02078247070312,184090500
2012-03-14,109.90298461914062,145163600
2012-03-15,110.53927612304688,165118500
2012-03-16,110.69232940673828,152893500
2012-03-19,111.12625885009766,125291100
2012-03-20,110.80277252197266,121729700
2012-03-21,110.62126922607422,122388400
2012-03-22,109.82440948486328,135216700
2012-03-23,110.17945098876953,120521000
2012-03-26,111.7258529663086,120164000
2012-03-27,111.37871551513672,119868500
2012-03-28,110.82646179199219,148562100
2012-03-29,110.63706970214844,164963700
2012-03-30,111.09469604492188,135486800
2012-04-02,111.9073257446289,151741100
2012-04-03,111.44971466064453,155806700
2012-04-04,110.34516143798828,146896000
2012-04-05,110.2899169921875,137439400
2012-04-09,109.0512466430664,127555900
2012-04-10,107.2208251953125,235360300
2012-04-11,108.08871459960938,154133000
2012-04-12,109.50096130371094,154321500
2012-04-13,108.19918823242188,169246700
2012-04-16,108.128173828125,147825300
2012-04-17,109.729736328125,147877600
2012-04-18,109.35892486572266,123884200
2012-04-19,108.65677642822266,198666700
2012-04-20,108.83818817138672,143199600
2012-04-23,107.92301940917969,171844900
2012-04-24,108.33328247070312,137484200
2012-04-25,109.8165283203125,150252200
2012-04-26,110.58184814453125,136291600
2012-04-27,110.7633056640625,130725000
2012-04-30,110.35306549072266,115092200
2012-05-01,111.03945922851562,138832200
2012-05-02,110.70808410644531,121081000
2012-05-03,109.8638916015625,143759700
2012-05-04,108.08871459960938,193927300
2012-05-07,108.16761779785156,127765900
2012-05-08,107.7336654663086,213377700
2012-05-09,107.0946044921875,220752500
2012-05-10,107.31553649902344,150600000
2012-05-11,106.99203491210938,153032400
2012-05-14,105.80859375,163910000
2012-05-15,105.20106506347656,207629300
2012-05-16,104.79869842529297,207265500
2012-05-17,103.24441528320312,247992900
2012-05-18,102.3608169555664,319615900
2012-05-21,104.12017822265625,177861100
2012-05-22,104.30162048339844,197531200
2012-05-23,104.35688781738281,204958400
2012-05-24,104.56201171875,167357600
2012-05-25,104.22276306152344,135465600
2012-05-29,105.48512268066406,152883500
2012-05-30,103.95452880859375,162370400
2012-05-31,103.7257308959961,196186000
2012-06-01,101.11425018310547,253240900
2012-06-04,101.06690216064453,202545800
2012-06-05,101.83219909667969,164149400
2012-06-06,104.12017822265625,184202800
2012-06-07,104.18330383300781,184772700
2012-06-08,105.01174926757812,143915400
2012-06-11,103.67839050292969,169756100
2012-06-12,104.86969757080078,181931800
2012-06-13,104.19910430908203,172223900
2012-06-14,105.30365753173828,230615500
2012-06-15,106.380615234375,169444500
2012-06-18,106.58683776855469,131360900
2012-06-19,107.61776733398438,137382600
2012-06-20,107.44334411621094,206451800
2012-06-21,105.03241729736328,205272200
2012-06-22,105.84136962890625,130029200
2012-06-25,104.1441879272461,146375700
2012-06-26,104.66758728027344,141634000
2012-06-27,105.61137390136719,108088000
2012-06-28,105.30998229980469,169242100
2012-06-29,107.93501281738281,212250900
2012-07-02,108.26016235351562,129524500
2012-07-03,108.97390747070312,80450000
2012-07-05,108.48223114013672,126177500
2012-07-06,107.45126342773438,151192100
2012-07-09,107.3164291381836,103780500
2012-07-10,106.380615234375,167884800
2012-07-11,106.396484375,141733400
2012-07-12,105.88102722167969,143583200
2012-07-13,107.65745544433594,129642600
2012-07-16,107.40367889404297,97525200
2012-07-17,108.1412124633789,138860300
2012-07-18,108.94219207763672,113349700
2012-07-19,109.22769165039062,129847300
2012-07-20,108.22843170166016,142904500
2012-07-23,107.13401794433594,145210900
2012-07-24,106.21405029296875,173301200
2012-07-25,106.23785400390625,129122300
2012-07-26,107.99050903320312,156526500
2012-07-27,109.98110961914062,236768900
2012-07-30,109.98110961914062,106782000
2012-07-31,109.21183013916016,120575900
2012-08-01,109.11669158935547,138293800
2012-08-02,108.36328125,199556600
2012-08-03,110.51248168945312,157825000
2012-08-06,110.72657775878906,86326200
2012-08-07,111.28170776367188,109545100
2012-08-08,111.41653442382812,89754700
2012-08-09,111.51171112060547,90291700
2012-08-10,111.69408416748047,99792700
2012-08-13,111.63856506347656,79426900
2012-08-14,111.65443420410156,102379400
2012-08-15,111.78135681152344,71085900
2012-08-16,112.60613250732422,112014200
2012-08-17,112.75676727294922,90813700
2012-08-20,112.76471710205078,78255700
2012-08-21,112.4237060546875,105581100
2012-08-22,112.47126770019531,133243500
2012-08-23,111.55136108398438,111466400
2012-08-24,112.22541046142578,99481200
2012-08-27,112.24923706054688,68785900
2012-08-28,112.13823699951172,75689600
2012-08-29,112.22541046142578,65421300
2012-08-30,111.41653442382812,96589900
2012-08-31,111.94788360595703,151970400
2012-09-04,111.84476470947266,120226200
2012-09-05,111.7496109008789,100660300
2012-09-06,114.0177230834961,158272500
2012-09-07,114.46189880371094,107272100
2012-09-10,113.81159973144531,86458500
2012-09-11,114.12876892089844,88760000
2012-09-12,114.50949096679688,87640900
2012-09-13,116.2541732788086,225470200
2012-09-14,116.76969146728516,169777000
2012-09-17,116.37313079833984,119427800
2012-09-18,116.2779769897461,98326600
2012-09-19,116.34138488769531,128318300
2012-09-20,116.34937286376953,154009800
2012-09-21,116.30071258544922,108737500
2012-09-24,116.12532043457031,95682000
2012-09-25,114.88945007324219,133165200
2012-09-26,114.2436752319336,146502200
2012-09-27,115.320068359375,111830300
2012-09-28,114.78584289550781,150696100
2012-10-01,115.08879089355469,135911200
2012-10-02,115.20841217041016,113422200
2012-10-03,115.6788330078125,121283100
2012-10-04,116.50800323486328,124311600
2012-10-05,116.51595306396484,124842100
2012-10-08,116.11730194091797,78415400
2012-10-09,114.96923828125,148872900
2012-10-10,114.23574829101562,124247500
2012-10-11,114.29950714111328,123601500
2012-10-12,113.9247817993164,124181900
2012-10-15,114.87356567382812,107689100
2012-10-16,116.0376205444336,108815500
2012-10-17,116.56376647949219,128834100
2012-10-18,116.26084899902344,148108500
2012-10-19,114.32344818115234,185645200
2012-10-22,114.33939361572266,125578600
2012-10-23,112.7527847290039,192056300
2012-10-24,112.43386840820312,120179400
2012-10-25,112.7607421875,134457400
2012-10-26,112.69699096679688,146023500
2012-10-31,112.69699096679688,103438500
2012-11-01,113.87696838378906,100995600
2012-11-02,112.8643798828125,137702200
2012-11-05,113.09561157226562,98378500
2012-11-06,113.98060607910156,107068100
2012-11-07,111.3973617553711,264304500
2012-11-08,110.05795288085938,181517300
2012-11-09,110.15360260009766,201055300
2012-11-12,110.24128723144531,97677500
2012-11-13,109.85858917236328,123018300
2012-11-14,108.37564086914062,191505000
2012-11-15,108.19224548339844,178128400
2012-11-16,108.72644805908203,239483900
2012-11-19,110.92699432373047,151495800
2012-11-20,110.97481536865234,119807400
2012-11-21,111.18207550048828,81710800
2012-11-23,112.69699096679688,65409200
2012-11-26,112.45779418945312,100124400
2012-11-27,111.88371276855469,128646200
2012-11-28,112.7846908569336,177086500
2012-11-29,113.31083679199219,151085900
2012-11-30,113.33479309082031,136568300
2012-12-03,112.77669525146484,124656300
2012-12-04,112.61724090576172,127512200
2012-12-05,112.81656646728516,147300500
2012-12-06,113.19925689697266,103220600
2012-12-07,113.54206085205078,108726400
2012-12-10,113.58991241455078,98840700
2012-12-11,114.36329650878906,152570400
2012-12-12,114.41913604736328,145880100
2012-12-13,113.7175064086914,135715000
2012-12-14,113.29492950439453,137701700
2012-12-17,114.6263656616211,143238200
2012-12-18,115.9020767211914,177762800
2012-12-19,115.04096984863281,150895400
2012-12-20,115.70272827148438,168487000
2012-12-21,114.6524887084961,245883800
2012-12-24,114.29915618896484,53874600
2012-12-26,113.81739807128906,106947700
2012-12-27,113.66490173339844,167920600
2012-12-28,112.43636322021484,148806700
2012-12-31,114.34737396240234,243935200
2013-01-02,117.27811431884766,192059000
2013-01-03,117.01318359375,144761800
2013-01-04,117.52703094482422,116817700
2013-01-07,117.20587158203125,110002500
2013-01-08,116.86863708496094,121265100
2013-01-09,117.16575622558594,90745600
2013-01-10,118.09711456298828,130735400
2013-01-11,118.0891342163086,113917300
2013-01-14,118.00881958007812,89567200
2013-01-15,118.0891342163086,93172600
2013-01-16,118.07305908203125,104849500
2013-01-17,118.8358383178711,133833500
2013-01-18,119.10082244873047,169906000
2013-01-22,119.74320220947266,111797300
2013-01-23,119.93590545654297,104596100
2013-01-24,119.96803283691406,146426400
2013-01-25,120.6424560546875,147211600
2013-01-28,120.4979248046875,113357700
2013-01-29,120.9717025756836,105694400
2013-01-30,120.4979248046875,137447700
2013-01-31,120.20082092285156,108975800
2013-02-01,121.43738555908203,131173000
2013-02-04,120.07238006591797,159073600
2013-02-05,121.28479766845703,113912400
2013-02-06,121.37312316894531,138762800
2013-02-07,121.21255493164062,162490000
2013-02-08,121.88701629638672,103133700
2013-02-11,121.86294555664062,73775000
2013-02-12,122.06365203857422,65392700
2013-02-13,122.16804504394531,82322600
2013-02-14,122.28042602539062,80834300
2013-02-15,122.13591003417969,215226500
2013-02-19,123.05130004882812,95105400
2013-02-20,121.51764678955078,160574800
2013-02-21,120.77899932861328,183257000
2013-02-22,121.9593276977539,106356600
2013-02-25,119.6388168334961,245824800
2013-02-26,120.45780944824219,186596200
2013-02-27,121.97533416748047,150781900
2013-02-28,121.73443603515625,126866000
2013-03-01,122.13591003417969,170634800
2013-03-04,122.78630828857422,99010200
2013-03-05,123.88632202148438,121431900
2013-03-06,124.05498504638672,94469900
2013-03-07,124.27982330322266,86101400
2013-03-08,124.80976867675781,123477800
2013-03-11,125.28349304199219,83746800
2013-03-12,125.00244903564453,105755800
2013-03-13,125.17910766601562,92550900
2013-03-14,125.84555053710938,126329900
2013-03-15,125.67940521240234,138601100
2013-03-18,124.98576354980469,126704300
2013-03-19,124.69548797607422,167567300
2013-03-20,125.5665054321289,113759300
2013-03-21,124.49383544921875,128605000
2013-03-22,125.4939193725586,111163600
2013-03-25,124.96965026855469,151322300
2013-03-26,125.96977233886719,86856600
2013-03-27,125.96977233886719,99950600
2013-03-28,126.35689544677734,102932800
2013-04-01,125.85682678222656,99194100
2013-04-02,126.47785186767578,101504300
2013-04-03,125.19556427001953,154167400
2013-04-04,125.70361328125,131885000
2013-04-05,125.13902282714844,159666000
2013-04-08,125.98590850830078,86571200
2013-04-09,126.42141723632812,101922200
2013-04-10,127.96992492675781,135711100
2013-04-11,128.38934326171875,110142500
2013-04-12,128.07472229003906,116359900
2013-04-15,125.1067886352539,217259000
2013-04-16,126.95374298095703,147507800
2013-04-17,125.09872436523438,226834800
2013-04-18,124.31636810302734,167583200
2013-04-19,125.3971176147461,149687600
2013-04-22,125.95359802246094,106553500
2013-04-23,127.25208282470703,166141300
2013-04-24,127.33275604248047,96781200
2013-04-25,127.84891510009766,131060600
2013-04-26,127.62310028076172,95918800
2013-04-29,128.47804260253906,88572800
2013-04-30,128.7844696044922,116010700
2013-05-01,127.6553726196289,138874200
2013-05-02,128.84097290039062,96407600
2013-05-03,130.14747619628906,144202300
2013-05-06,130.47811889648438,66882100
2013-05-07,131.13955688476562,90359200
2013-05-08,131.73635864257812,97419200
2013-05-09,131.3653564453125,106738600
2013-05-10,131.79283142089844,103203000
2013-05-13,131.8976593017578,81843200
2013-05-14,133.26060485839844,119000900
2013-05-15,133.97845458984375,120718500
2013-05-16,133.34934997558594,109913600
2013-05-17,134.63978576660156,129801000
2013-05-20,134.6317596435547,85071200
2013-05-21,134.82528686523438,95804200
2013-05-22,133.82525634765625,244031800
2013-05-23,133.4380645751953,211064400
2013-05-24,133.32516479492188,151573900
2013-05-28,134.1235809326172,143679800
2013-05-29,133.25257873535156,160363400
2013-05-30,133.74453735351562,107793800
2013-05-31,131.82504272460938,176850100
2013-06-03,132.5509033203125,168390700
2013-06-04,131.91375732421875,157631500
2013-06-05,130.0668182373047,211737800
2013-06-06,131.2443389892578,200225500
2013-06-07,132.91380310058594,188337800
2013-06-10,132.91380310058594,105667100
2013-06-11,131.54278564453125,159505400
2013-06-12,130.45396423339844,177361500
2013-06-13,132.43801879882812,163587800
2013-06-14,131.60728454589844,141197500
2013-06-17,132.62351989746094,136295600
2013-06-18,133.6720428466797,114695600
2013-06-19,131.82504272460938,206149500
2013-06-20,128.5586700439453,321255900
2013-06-21,128.97140502929688,271956800
2013-06-24,127.34164428710938,222329000
2013-06-25,128.5659942626953,162262200
2013-06-26,129.83885192871094,134848000
2013-06-27,130.6009979248047,129483700
2013-06-28,130.06594848632812,160402900
2013-07-01,130.82803344726562,131954800
2013-07-02,130.7064666748047,154863700
2013-07-03,130.76319885253906,75216400
2013-07-05,132.17393493652344,122416900
2013-07-08,132.92800903320312,108092500
2013-07-09,133.8846435546875,119298000
2013-07-10,133.93331909179688,121410100
2013-07-11,135.75762939453125,135592200
2013-07-12,135.8143768310547,104212700
2013-07-15,136.3332977294922,69450600
2013-07-16,135.82249450683594,88702100
2013-07-17,136.17108154296875,92873900
2013-07-18,136.91700744628906,103620100
2013-07-19,137.1602783203125,103831700
2013-07-22,137.42782592773438,79428600
2013-07-23,137.1359405517578,80829700
2013-07-24,136.6332244873047,112914000
2013-07-25,136.96571350097656,111088600
2013-07-26,137.11158752441406,107814600
2013-07-29,136.69000244140625,79695000
2013-07-30,136.69000244140625,85209600
2013-07-31,136.78732299804688,142388700
2013-08-01,138.36830139160156,110438400
2013-08-02,138.60345458984375,91116700
2013-08-05,138.40077209472656,54072700
2013-08-06,137.61431884765625,87495000
2013-08-07,137.16835021972656,84854700
2013-08-08,137.67112731933594,102181300
2013-08-09,137.27378845214844,91757700
2013-08-12,137.11158752441406,68593300
2013-08-13,137.5170135498047,80806000
2013-08-14,136.81166076660156,79829200
2013-08-15,134.89816284179688,152931800
2013-08-16,134.4522247314453,130868200
2013-08-19,133.59280395507812,96437600
2013-08-20,134.2495574951172,89294400
2013-08-21,133.4225311279297,159530500
2013-08-22,134.6387481689453,101471400
2013-08-23,135.09275817871094,90888900
2013-08-26,134.59007263183594,89702100
2013-08-27,132.42530822753906,158619400
2013-08-28,132.8955078125,108113000
2013-08-29,133.10633850097656,119200500
2013-08-30,132.6847686767578,134928900
2013-09-03,133.28469848632812,142375100
2013-09-04,134.3873748779297,97389400
2013-09-05,134.55764770507812,63090500
2013-09-06,134.62252807617188,159756500
2013-09-09,135.9116668701172,87559300
2013-09-10,136.91700744628906,105847200
2013-09-11,137.34669494628906,94545900
2013-09-12,136.98191833496094,83209000
2013-09-13,137.29002380371094,72727800
2013-09-16,138.08456420898438,106299200
2013-09-17,138.7008056640625,82523300
2013-09-18,140.3061065673828,203460600
2013-09-19,140.07095336914062,146616900
2013-09-20,139.09170532226562,132867100
2013-09-23,138.447998046875,104616500
2013-09-24,138.1221466064453,106333100
2013-09-25,137.7229461669922,117306500
2013-09-26,138.25247192382812,77146900
2013-09-27,137.61695861816406,99141800
2013-09-30,136.88377380371094,143937000
2013-10-01,137.96734619140625,127160000
2013-10-02,137.83700561523438,113350000
2013-10-03,136.56597900390625,176698000
2013-10-04,137.60073852539062,96878000
2013-10-07,136.4112548828125,96295000
2013-10-08,134.82244873046875,178015000
2013-10-09,134.9202423095703,168973000
2013-10-10,137.82887268066406,195955000
2013-10-11,138.71690368652344,105040000
2013-10-14,139.27096557617188,112106000
2013-10-15,138.26065063476562,155485000
2013-10-16,140.19155883789062,161676000
2013-10-17,141.12850952148438,129389000
2013-10-18,142.081787109375,138316000
2013-10-21,142.0898895263672,104104000
2013-10-22,142.9127655029297,126663000
2013-10-23,142.22840881347656,105484000
2013-10-24,142.70095825195312,70350000
2013-10-25,143.352783203125,93625000
2013-10-28,143.58087158203125,84979000
2013-10-29,144.34671020507812,87401000
2013-10-30,143.62974548339844,140002000
2013-10-31,143.2223663330078,133795000
2013-11-01,143.5645751953125,142805000
2013-11-04,144.06971740722656,85677000
2013-11-05,143.61343383789062,85825000
2013-11-06,144.34671020507812,87348000
2013-11-07,142.52174377441406,157000000
2013-11-08,144.44447326660156,136713000
2013-11-11,144.4689178466797,62614000
2013-11-12,144.17564392089844,83990000
2013-11-13,145.3325958251953,103844000
2013-11-14,146.05763244628906,103435000
2013-11-15,146.69314575195312,102818000
2013-11-18,146.1798553466797,104796000
2013-11-19,145.8621368408203,93891000
2013-11-20,145.4058837890625,124909000
2013-11-21,146.5791015625,92841000
2013-11-22,147.31239318847656,81296000
2013-11-25,147.16567993164062,79486000
2013-11-26,147.20648193359375,86994000
2013-11-27,147.5648956298828,58800000
2013-11-29,147.46713256835938,55870900
2013-12-02,147.0843048095703,99726000
2013-12-03,146.44869995117188,116563000
2013-12-04,146.4324493408203,123033000
2013-12-05,145.78884887695312,106934000
2013-12-06,147.4182891845703,127728000
2013-12-09,147.79306030273438,70124000
2013-12-10,147.2634735107422,80976000
2013-12-11,145.6094970703125,130591000
2013-12-12,145.12887573242188,115565000
2013-12-13,145.11256408691406,107808000
2013-12-16,146.0169219970703,96195000
2013-12-17,145.55258178710938,89886000
2013-12-18,148.0374755859375,234906000
2013-12-19,147.86639404296875,136531200
2013-12-20,148.72650146484375,197087000
2013-12-23,149.52108764648438,85598000
2013-12-24,149.84873962402344,45368800
2013-12-26,150.61050415039062,63365000
2013-12-27,150.6024169921875,61814000
2013-12-30,150.57781982421875,56857000
2013-12-31,151.2904815673828,86119900
2014-01-02,149.84059143066406,119636900
2014-01-03,149.81597900390625,81390600
2014-01-06,149.38180541992188,108028200
2014-01-07,150.29925537109375,86144200
2014-01-08,150.3320770263672,96582300
2014-01-09,150.4303436279297,90683400
2014-01-10,150.83990478515625,102026400
2014-01-13,148.8330078125,149892000
2014-01-14,150.4549102783203,105016100
2014-01-15,151.26589965820312,98525800
2014-01-16,151.0692596435547,72290600
2014-01-17,150.4303436279297,107848700
2014-01-21,150.87265014648438,88621200
2014-01-22,150.9709930419922,61270900
2014-01-23,149.73402404785156,132496900
2014-01-24,146.53936767578125,208677100
2014-01-27,145.8184814453125,180843100
2014-01-28,146.68682861328125,110463200
2014-01-29,145.27784729003906,216597300
2014-01-30,146.81784057617188,118938100
2014-01-31,145.95774841308594,194677900
2014-02-03,142.67294311523438,254837100
2014-02-04,143.6722869873047,165012400
2014-02-05,143.49209594726562,164230500
2014-02-06,145.38430786132812,132877600
2014-02-07,147.18646240234375,170787200
2014-02-10,147.4568328857422,92218800
2014-02-11,149.07049560546875,117814100
2014-02-12,149.1442413330078,94717700
2014-02-13,149.91424560546875,100542200
2014-02-14,150.74163818359375,96498400
2014-02-18,150.9218292236328,80460900
2014-02-19,149.92247009277344,126524300
2014-02-20,150.80715942382812,104998100
2014-02-21,150.63514709472656,118116400
2014-02-24,151.470703125,114063900
2014-02-25,151.413330078125,117085000
2014-02-26,151.42152404785156,98677200
2014-02-27,152.2161102294922,93880800
2014-02-28,152.60110473632812,150842000
